Text,Prediction,Correct
"Subject: wall street phenomenon reaps rewards  small - cap stock finder  new developments expected to move western sierra mining , inc . stock  from $ 0 . 70 to over $ 4 . 0 o  westernsierramining . com  western sierra mining is a company on the move , fast ! big news is out !  big business is afoot for wsrm !  read on to find out why wsrm is our top pick this week .  * western sierra mining has a very profitabie business mode | in which  they avoid the highest cost associate with mining : exploration .  essentially , wester sierra operates mines on sites that have been previousiy  expiored and found to be "" too small "" for the | argest mining companies ,  yet sti | | produce handsome profits .  * the gioba | mining industry boom wi | | continue for the foreseeabie  future due to the impact of china - driven demand on commodity prices and  | ong suppiy - response lead times .  * news ! news ! news ! read on to find out why we expect wsrm to take off  this week !  here is recent news on the company :  phoenix - - ( business wire ) - - june 15 , 2 oo 5 - - western sierra mining corp .  ( pink sheets : wsrm - news ) announced today that the board of directors  has approved and authorized a 2 - for - 1 forward split of its issued and  outstanding common s - tock to al | sharehoiders of record as of june 26 ,  2005 .  the company stated that the reason for the spiit was to a | | ow  additional investors to participate in the long - term goals and objectives of  western .  phoenix - - ( business wire ) - - june 10 , 20 o 5 - - western sierra mining ( pink  sheets : wsrm - news ) and oretech inc . ( pink sheets : orte - news )  announced today that their respective boards of directors have agreed to enter  into an agreement to develop the silver plume and pittsburg mines  | ocated in coiorado .  commenting on the proposed transaction , the president of western sierra  mining , michael chaffee , said , "" the new aiignment with oretech wil |  aliow each of the companies to utilize their specific expertise to the  maximum benefit of the other . oretech is trying to focus on developing its  propriety extraction technoiogy and western is expanding its mining  activities in the u . s . we have started our due diligence on the property  and | ook forward to taking a proposal back to oretech by the end of the  month .  phoenix - - ( business wire ) - - june 3 , 2005 - - western sierra mining ( pink  sheets : wsrm - news ) announced today that it has signed a letter of intent  with asdi corp . providing wsrm the right to deveiop the asdi property  located in crescent vailey at battle mountain , nev .  we cannot stress enough the significance of this news . a s - tock spiit  can oniy mean one thing ; good business ! with the spiit date set at june  26 , now is obviousiy the time to get in . with repsect to the other  news , that a sma | | company such as this would have the rights to these  rich properties speaks volumes for their management and near - future  earnings . that they wouid be so fortunate as to be invoived with an industry  pioneer such as oretech is nothing short of extraordinary .  these fortuitous events have earned wsrm our highly recommendation  symbol : ( wsrm )  current price : o . 70  short term target price : 4 . 6 o  12 month target price : 8 . 9 o  * * * news from the industry * * *  * mining s - tocks have outperformed both the s & p 500 and the dow jones  industrial average over the last three years .  * profits by mining companies have doubled for the second year in a  row . return on equity has increased nearly three - fold over the past two  years  * price waterhouse coopers calis for "" . . . another bumper year for the  global mining industry in 2 oo 5 . "" they go on to say , "" the sustained  upturn in commodity prices has caught investors ' attention , creating a dash  for mining s - tocks . add the unprecedented profits and free cash flows  and we have a very buoyant industry . ""  for more information read , mine - enter the dragon , by price waterhouse  coopers , located at pwcglobal . com  disclaimer :  information within this emai | contains "" forward looking statements ""  within the meaning of section 27 a of the securities act of 1933 and  section 21 b of the securities exchange act of 1934 . any statements that  express or involve discussions with respect to predictions ,  expectations , beliefs , pians , projections , objectives , goais ,  assumptions or future  events or performance are not statements of historical fact and may be  "" forward | ooking statements . "" forward looking statements are based on  expectations , estimates and projections at the time the statements are  made that involve a number of risks and uncertainties which couid cause  actual resuits or events to differ materialiy from those presently  anticipated . forward | ooking statements in this action may be  identified  through the use of words such as "" projects "" , "" foresee "" , "" expects "" ,  "" wiil , "" "" anticipates , "" "" estimates , "" "" believes , "" "" understands "" or  that by  statements indicating certain actions "" may , "" "" couid , "" or "" might "" occur .  as with many micro - cap s - tocks , today ' s company has additional risk  factors worth noting . those factors inciude : a | imited operating  history ,  the company advancing cash to related parties and a shareholder on an  unsecured basis : one vendor , a reiated party through a majority  s - tockhoider , suppiies ninety - seven percent of the company ' s raw  materials :  reiiance on two customers for over fifty percent of their business and  numerous reiated party transactions and the need to raise capital .  these  factors and others are more fully spelled out in the company ' s sec  fiiings . we urge you to read the filings before you invest . the rocket  stock  report does not represent that the information contained in this  message states ail materia | facts or does not omit a materia | fact  necessary  to make the statements therein not misieading . a | | information  provided within this email pertaining to investing , stocks , securities  must be  understood as information provided and not investment advice . the  rocket stock report advises all readers and subscribers to seek advice  from  a registered professional securities representative before deciding to  trade in stocks featured within this email . none of the material within  this report shail be construed as any kind of investment advice or  solicitation . many of these companies are on the verge of bankruptcy .  you  can | ose al | your mone * y by investing in this stock . the publisher of  the rocket stock report is not a registered investment advisor .  subscribers shouid not view information herein as | egal , tax ,  accounting or  investment advice . any reference to past performance ( s ) of companies  are  specialiy selected to be referenced based on the favorable performance  of  these companies . you wouid need perfect timing to achieve the resuits  in the exampies given . there can be no assurance of that happening .  remember , as aiways , past performance is never indicative of future  results and a thorough due diligence effort , inciuding a review of a  company ' s fiiings , shouid be completed prior to investing . in  compiiance  with the securities act of 1933 , section 17 ( b ) , the rocket stock report  discloses the receipt of twelve thousand doilars from a third party  ( gem , inc . ) , not an officer , director or affiiiate sharehoider for  the  circulation of this report . gem , inc . has a position in the stoc * k  they  wi | | seil at any time without notice . be aware of an inherent confiict  of interest resuiting from such compensation due to the fact that this  is a paid advertisement and we are conflicted . ail factua | information  in this report was gathered from pubiic sources , including but not  | imited to company websites , sec fiiings and company press reieases .  the  rocket sto * ck report believes this information to be reiiable but can  make  no guarantee as to its accuracy or compieteness . use of the materia |  within this email constitutes your acceptance of these terms .",0,False
"Subject: undeliverable : home based business for grownups  your message  subject : home based business for grownups  sent : sun , 21 jan 2001 09 : 24 : 27 + 0100  did not reach the following recipient ( s ) :  75 @ tfi . kpn . com on mon , 25 feb 2002 13 : 32 : 23 + 0100  the recipient name is not recognized  the mts - id of the original message is : c = us ; a = ; p = ptt  telecom ; l = mtpi 70590202251232 fjt 4 d 8 q 5  msexch : ims : kpn - telecom : i : mtpi 7059 0 ( 000 co 5 a 6 ) unknown recipient",0,False
"Subject: 4 color printing special  request additional information now ! click here  click here for a printable version of our order form ( pdf format )  phone : ( 626 ) 338 - 8090 fax : ( 626 ) 338 - 8102 e - mail : ramsey @ goldengraphix . com  request additional information now ! click here  click here for a printable version of our order form ( pdf format )  golden graphix & printing 5110 azusa canyon rd . irwindale , ca 91706 this e - mail message is an advertisement and / or solicitation . ",1,True
"Subject: only our software is guaranteed 100 % legal .  name - brand software at low , low , low , low prices  everything comes to him who hustles while he waits .  many would be cowards if they had courage enough .",1,True
"host unknown ( name server : - - - - - - . net : host not found )  the original message was received at tue , 19 jul 2005 05 : 56 : 17 - 0500  from yahoobb 218135092134 . bbtec . net [ 218 . 135 . 92 . 134 ]  - - - - - the following addresses had permanent fatal errors - - - - -  - - - - - transcript of session follows - - - - -  550 . . . host unknown ( name server : - - - - - - . net : host not found )",0,False
"legal operating systems summer - sale  oem software newsletter  we offer cheap oem versions of your most popu % iar software .  oem is completetly legal - it means you buy a registerded copy ,  only without the packaging and printed manuals .  please look at the following specials we have :  1 . grafics software for only 80 $  2 . office software for only 100 $  3 . operating systems for only 50 $  our full pricelist can be found at : http : / / bigaaron . info / ? 79 d 4 wf 45 dda 2 ddd 3 abf 6 bebf 227 f 4 cl 4  adobe photoshop cs information  features :  - improved file management , new design possibilities , and a more intuitive way to create for the web  - support for 16 - bit images , digital camera raw data , and non - square pixels  - create or modify photos using painting , drawing , and retouching tools  - customized workspace ; save personalized workspace and tool settings ; create customized shortcuts  - unparalleled efficiency - automate production tasks with built - in or customized scripts  description :  get superior results faster with industry - standard adobe photoshop cs software and its integrated web  production application , adobe imageready cs software . graphic and web designers , photographers , and  video professionals can take advantage of indispensable features that include improved file management  , new design possibilities , a more intuitive way to create for the web , and support for 16 - bit images ,  digital camera raw data , and non - square pixels . now you can create the highest quality images more  efficiently than ever before .  our site has more info : http : / / bigaaron . info / ? 43 wccd 54 c 3 fbfb 913 ab 837 clf 453 fal 6  how can you sell this software as oem ? it seems too good to be true - is there a catch ?  there is no catch - the software versions that we sell are oem ( original equipment manufacturer )  which means you will receive the installation cds only ( they do not come in their original retail  packing and do not include the manual ) . we do guarantee that all programs are the 100 % full working  retail versions - no demos or academic versions ! when you order , you will receive all materials  required for a complete installation - or your money back ! why pay hundreds of dollars more when you  can get exactly the same but oem - cd ? you don ' t have to pay that much for the fancy box and manuals .  why is your software so inexpensive compared to the other retailers ?  we minimize our overhead by stocking mostly top selling software only and try to get the  best deals for them . we also sell what are called oem versions , the same software as the  box version without the box and the manual . by foregoing the fancy box and typically slim  manuals you end up saving a considerable amount .  thank you  if you wish to stop future m ai - - ling please go here : http : / / quentals . info / fgh . php",0,False
"all graphics software available , cheap oem versions .  good morning ,  we we offer latest oem packages of all graphics and publishing software from corei , macromedia , adobe and others .  $ 80 adobe photoshop 8 . 0 / cs  $ 140 macromedia studio mx 2004  $ 120 adobe acrobat 7 . 0 professionai  $ 150 adobe premiere pro 1 . 5  $ 90 corei designer 10  $ 90 quickbooks 2004 professional edition  $ 75 adobe pagemaker 7 . 0  $ 70 xara x vl . 1  $ 75 adobe audition 1 . 5  $ 90 discreet 3 d studio max 7  $ 115 adobe goiive cs  $ 135 adobe after effects 6 . 5 standard  $ 45 adobe premiere eiements  $ 125 corel painter lx  $ 80 adobe liiustrator cs  $ 80 adobe indesign cs  $ 240 adobe creative suite  $ 140 adobe framemaker 7 . 1  $ 50 ulead cool 3 d production studio 1 . 0 . 1  $ 90 aiias motion buiider 6 professionai  $ 30 quicken 2004 premier home & biz  $ 30 adobe photoshop eiements 3 . 0  $ 110 adobe premiere pro 7 . 0  learn more . . .  sincerely ,  dorathy ",0,False
"stox maven news - letter  * * * watch this one july 21 breaking news alert issue - big news coming * * *  china world trade corp . symbol : cwtd  current price : $ 2 . 46  7 day target : $ 8 . 00  $ $ $ we gave you :  pntv at $ 1 . 10  cdgt at $ 1 . 97  lets make it 3 for 3  look for huge news this company back on the move . rumor has the  shorts are going to be broken and sto * ck will run . cwtd website address is  www . chinawtc . com all company info is there . this sto * ck has had good movement  and support the last 15 months it is a strong company growing in leaps and  bounds .  company has been profiled on cnn asia , forbes . com , bloomberg . com , ceo  cast . com , businessweek . com , p . r . newswire , pennysto * ck weekly . com , yahoo  finance has reports for sale . how much more credibility do you need .  amex exchange listing waits in the wings . this is big ! ! ! ! ! ! company filed  for amex 10 months ago and is finally ready to go up based on the 10 k .  symbol cwtd  join in and squezze the shorts : cwtd  take a look at our last strong buy recomendatons  get in cwtd while it ' s hot  disclaimer :  information within this email contains "" forwardlooking statements "" within  the meaning of section 27 aof the securities act of 1933 and section 21 b of  the securities exchange act of 1934 . any statements that express or involve  discussions with respect to predictions , expectations , beliefs ,  plans , projections , objectives , goals , assumptions or future events or  performance are not statements of historical fact and may be "" forward  looking statements "" . "" forward looking statements "" are based on  expectations , estimates and projections at the time the statements are made  that involve a number of risks and uncertainties which could cause actual  results or events to differ materially from those presently anticipated .  forward looking statements in this action may be identified through the use  of words such as "" projects "" , "" foresee "" , "" expects "" , "" will "" , "" anticipates "" ,  "" estimates "" , "" believes "" , "" understands "" or that by statements indicating  certain actions "" may "" , "" could "" , or "" might "" occur . risk factors include  general economic and business conditions , the ability to acquire and develop  specific projects , the ability to fund operations and changes in consumer  and business consumption habits and other factors overwhich the company has  little or no control . the publisher of this newsletter does not represent  that the information contained in this message states all material facts or  does not omit a material fact necessary to make the statements therein not  misleading . all information provided within this email pertaining to  investing , stocks , securities must be understood as information provided and  not investment advice . the publisher of this newsletter advises all readers  and subscribers to seek advice from a registered professional securities  representative before deciding to trade in stocks featured within this  email . none of the material within this report shall be construed as any  kind of investment advice or solicitation . many of these companies are on  the verge of bankruptcy . you can lose all your money by investing in this  stock . we urge you to read the company ' s sec filings now , before you invest .  the publisher of this newsletter is not a registered invstment advisor .  subscribers should not view information herein as legal , tax , accounting or  investment advice . in compliance with the securitiesact of 1933 , section  17 ( b ) , the publisher of this newsletter is contracted to receive six hundred  thousand free trading shares from a third party , not an officer , director or  affiliate shareholder for the circulation of this report . be aware of an  inherent conflict of interest resulting from such compensation due to the  fact that this is a paid advertisement and is not without bias . the party  that paid us has a position in the stock they will sell at anytime without  notice . this could have a negative impact on the price of the stock , causing  you to lose money . all factual information in this report was gathered from  public sources , including but not limited to sec filings , company websites  and company press releases . the publisher of this newsletter believes this  information to be reliable but can make no guarantee as to its accuracy or  completeness . use of the material within this email constitutes your .",0,False
"just to her . . .  you are not allowed to post to this mailing list , and your message has  been automatically rejected . if you think that your messages are  being rejected in error , contact the mailing list owner at  die _ spammer _ die - owner @ rockycrater . org .",0,False
"we owe you lots of money  dear homeowner , you have been pre - approved for a $ 200 , 000 loan at a low fixed rate . this offer is being extended to you unconditionally and your credit is in no way a factor . to take advantage of this limited time opportunity , we ask you to visit our website and completethe post approval form . http : / / www . kxxjn . com / i / lzevaw 5 8 zymg 5  ollie markswv kennedy financial group - - - - - - - - - - - - - - - - - - - - - - 4 : heeralal celle darell doctorate egypthttp : / / www . kxxjn . com / rem . php . . . not interested",1,True
"Subject: undeliverable : home based business for grownups  your message  subject : home based business for grownups  sent : sun , 21 jan 2001 09 : 24 : 27 + 0100  did not reach the following recipient ( s ) :  75 @ tfi . kpn . com on mon , 25 feb 2002 13 : 32 : 23 + 0100  the recipient name is not recognized  the mts - id of the original message is : c = us ; a = ; p = ptt  telecom ; l = mtpi 70590202251232 fjt 4 d 8 q 5  msexch : ims : kpn - telecom : i : mtpi 7059 0 ( 000 co 5 a 6 ) unknown recipient",0,False
"Subject: grab this quick triple at its low  homeland security investments  the terror attacks on the united states on september 11 , 2 ool have  changed  the security landscape for the foreseeabie future . both physica | and  | ogical  security have become paramount for ail industry segments , especially in  the  banking , nationa | resource and government sectors . according to giga ,  a  wholiy owned subsidiary of forrester research , woridwide demand for  information security products and services is set to eclipse $ 46 b by  2 oo 5 .  homeiand security investments is a newsietter dedicated to providing  our  readers with information pertaining to investment opportunities in this  | ucrative sector . as we know , events related to homeland security  happen  with | ightning speed . what we as investors can do is position  ourseives in  such a way as to take advantage of the current trends and be ready to  capitalize on events which have yet to happen . homeland security  investments is here to help our readers do just that .  with this in mind , it is with great excitement that we present vinoble ,  inc .  this stock is expected to do big things in both the near and | ong  terms .  symbo | : vnbl . ob  current price : 0 . o 8  short term target price : o . 35  12 month target price : 1 . 2 o  * * * why we believe vnbl . ob will give big returns on investment * * *  * at this time much of vnbl ' s focus is on rfid ( radio frequency  identification ) technoiogy . this is technoiogy which uses tiny sensors  to  transmit information about a person or object wireiessly .  * vnbl is already an industry pioneer in the rfid personal location  technology .  * vnbl is developing a form of rfid technology which aliows companies  and  governments to wireiessiy track their assets and resources . such  technoiogy  has huge potentia | in the protection and transportation of materials  designated "" high risk "" were they to fail into the wrong hands .  * vnbl works on integration of the two afore mentioned systems in order  to  create "" high security space "" in | ocaies where it is deemed necessary .  locations which may take advantage of such systems are airports , sea  ports ,  mines , nuciear facilities , and more .  * as with all stocks , news drives the short term price . fresh news has  made vnbl a hot buy .  news on vnbl  malibu , calif . - - ( business wire ) - - june 16 , 20 o 5 - - vinoble , inc .  ( otcbb : vnbl -  news ) , a holding company seeking to identify long - term growth  opportunities  in the areas of homeiand security , security information systems , and  other  security services , announced today that it plans to offer products and  services that wiil assist in the automation of the identification and  control of equipment , assets , toois , and the related processes used in  the  oil & gas and petrochemica | industries .  although smal | wireiessly networked rfid sensors can monitor machines  and  equipment to detect possibie problems before they become serious , they  can  aiso deiiver safety features within oi | wells . oi | maybe trapped in  different | ayers of rock , along with gas and water . detection of  specific  | iquids can assist equipment in operating within a specific precise  opportune moment to ensure certain adverse conditions do not occur ,  such as  a weil fi | | ing with water .  as with other rf based technoiogy applications , rfid can also provide  the  safe transit of materials by oniy the authorized handier , and limit the  entry of personnel to specific locations . ensuring personne | safety is  essential , shouid there be an emergency at a faciiity , rfid tags wouid  enable the customer to track and evaluate its employee ' s safety and / or  danger . this appiication technology requires product and hardware that  can  operate in harsh and potentialiy hazardous conditions , but gives  vaiuable  safety to the resources and assets that are vital to the customer . rfid  can  also assist the customer ' s suppiy chain by tracking oil , gas , and  chemical  products from extraction to refining to the saie at the retail | eve | .  vinoble ' s viewpoint as previously stated is that these applications are  more  than just a valuable tool to the mining industry , but as a protective  measure of our country ' s natural resources and commodities against  threat .  preservation of these fuels and resources is important to the safety of  u . s .  industry and economy .  the company believes that such offering service and technology  application  in the oil & gas and petrochemical industry wil | further position  vinoble in  a rapidiy expanding industry whiie taking advantage of access to the  increasing capital and giobal spending that the company will require  for  growth . the company ' s goal is to also provide a much - needed service at  a  cost manageabie to even the smallest of businesses that can ' t afford to  do  without the safety of its personne | and assets in this current state of  constant threat .  this is outstanding news . the growth potentia | for this company is  exceptiona | . in an aiready hot industry , vnbl . ob stands out as a truly  innovative pioneer . we see big things happening to this stock .  information within this email contains "" forward looking statements ""  within the meaning of section 27 a of the securities act of 1933 and  section 21 b of the securities exchange act of 1934 . any statements that  express or involve discussions with respect to predictions ,  expectations , beliefs , plans , projections , objectives , goais ,  assumptions or  future  events or performance are not statements of historica | fact and may be  "" forward | ooking statements . "" forward | ooking statements are based on  expectations , estimates and projections at the time the statements are  made that invoive a number of risks and uncertainties which couid cause  actua | resuits or events to differ materia | | y from those presentiy  anticipated . forward | ooking statements in this action may be  identified  through the use of words such as "" projects "" , "" foresee "" , "" expects "" ,  "" wil | , "" "" anticipates , "" "" estimates , "" "" beiieves , "" "" understands "" or  that by  statements indicating certain actions "" may , "" "" couid , "" or "" might "" occur .  as with many micro - cap stocks , today ' s company has additiona | risk  factors worth noting . those factors inciude : a limited operating  history ,  the company advancing cash to related parties and a shareholder on an  unsecured basis : one vendor , a reiated party through a majority  stockhoider , supplies ninety - seven percent of the company ' s raw  materials :  reiiance on two customers for over fifty percent of their business and  numerous reiated party transactions and the need to raise capital .  these  factors and others are more fuily spe | | ed out in the company ' s sec  fiiings . we urge you to read the filings before you invest . the rocket  stock  report does not represent that the information contained in this  message states a | | materia | facts or does not omit a material fact  necessary  to make the statements therein not misieading . all information  provided within this email pertaining to investing , stocks , securities  must  be  understood as information provided and not investment advice . the  rocket stock report advises a | | readers and subscribers to seek advice  from  a registered professiona | securities representative before deciding to  trade in stocks featured within this emai | . none of the materia | within  this report shal | be construed as any kind of investment advice or  soiicitation . many of these companies are on the verge of bankruptcy .  you  can lose ail your money by investing in this stock . the pubiisher of  the rocket stock report is not a registered investment advisor .  subscribers shouid not view information herein as | ega | , tax ,  accounting or  investment advice . any reference to past performance ( s ) of companies  are  specia | | y selected to be referenced based on the favorabie performance  of  these companies . you wouid need perfect timing to achieve the resuits  in the examples given . there can be no assurance of that happening .  remember , as always , past performance is never indicative of future  results and a thorough due diligence effort , inciuding a review of a  company ' s fiiings , shouid be completed prior to investing . in  compliance  with the securities act of 1933 , section 17 ( b ) , the rocket stock report  discloses the receipt of twelve thousand do | | ars from a third party  ( gem , inc . ) , not an officer , director or affiiiate sharehoider for  the  circuiation of this report . gem , inc . has a position in the stock  they  wil | se | | at any time without notice . be aware of an inherent conflict  of interest resulting from such compensation due to the fact that this  is a paid advertisement and we are confiicted . ail factua | information  in this report was gathered from pubiic sources , inciuding but not  limited to company websites , sec filings and company press reieases .  the  rocket stock report beiieves this information to be reiiable but can  make  no guarantee as to its accuracy or compieteness . use of the materia |  within this email constitutes your acceptance of these terms .",0,False
"Subject: outstanding opportunities for "" premier producers ""  for a confidential phone interview please complete form submit  name :  e - mail :  phone :  city :  state :  area of interest :  full - time agent  sales manager  general agent  cpa partner  independent agent  we  don ' t want anybody to receive or mailing who does not wish to  receive them . this is professional communication sent to insurance  professionals . to be removed from this mailing list , do not reply  to this message . instead , go here : http : / / www . insurancemail . net  legal notice ",1,True
"Subject: localized software , all languages available .  hello , we would like to offer localized software versions ( german , french , spanish , uk , and many others ) .  aii listed software is avaiiable for immediate downioad !  no need to wait 2 - 3 week for cd delivery !  just few examples :  - norton lnternet security pro 2005 - $ 29 . 95  - windows xp professional with sp 2 fuli version - $ 59 . 95  - corel draw graphics suite 12 - $ 49 . 95  - dreamweaver mx 2004 ( homesite 5 . 5 inciuding ) - $ 39 . 95  - macromedia studio mx 2004 - $ 119 . 95  just browse our site and find any software you need in your native ianguage !  best regards ,  ardeil ",0,False
"Subject: 3 locations free : orlando , las vegas , ft laud .  congratulations on  receiving this special e - mail invitation ! ! !  these invitations were only being sent out . . . to a very select group of  individuals like yourself . . . who were confirmed and qualified to receive this spectacular  offer ! ! !  please click on the link below to register and receive your complimentary  three night stay in your choice of three ( 3 ) of these nine ( 9 ) fun filled locations ! ! !  - magical orlando  - las vegas . . . city of lights  - palm beach , fl . . . . florida ' s best kept secret  - fabulous ft , lauderdale  - atlantic city . . . city of excitement  - new smyrna beach , fl . . . . secluded from it all  - daytona beach , fl . . . the worlds most famous beach  - key west , fl . . . the southern most point in the u . s .  - miami south beach . the city that never sleeps  so log onto : http : / / www . famtriptravel . com / 3 mv _ cntr . html  . . . for your complimentary vacations for two ! ! !  keep in mind . . . our obligation to hold your vacations will expire 72 hours  from the date of delivery of this special invitation  special disclaimer : this message is sent in compliance of the proposed bill  section 301 ,  paragraph ( a ) ( 2 ) ( c ) of s . 1618 . by providing a valid remove me  feature it can not be  considered spam . furthermore , we make every effort to insure that the recipients  of our  direct marketing are those individuals who have asked to receive additional  informaion on  promotional offers from companies who offer internet marketing products . again  we  apologize if this message has reached you in error . screening of addresses has  been done  to the best of our technical ability . we honor all removal requests . if you  would like ,  you can be removed from any future mailings by the sponsor listed above by  e - mailing  mailto : removeme @ famtriptravel . com  with the subject remove me in the subject line .  this advertising material is being used for the purpose of soliciting sales of a  vacation  interval ownership plan . ",1,True
"ebay and auction info 30314  you are receiving this email because you have expressed an interest  in making money with ebay and or on the internet .  how would you like to earn $ 750 a day  using ebay and the internet ?  i absolutely - 100 % - guarantee you have never heard of this ebay  & internet money - making system before .  http : / / www . mailcomesandgoes . com / auction /  this free ebook is powerful , so compelling it will blow your mind !  mark w . monday - the ebay millionaire  in just a few minutes reading my book , you will find an opportunity  so powerful , so compelling , that you ' ll wonder why someone hasn ' t  thought of this sooner !  this is not a multi level marketing program or ? get rich quick scheme ?  it is a real business that can make you real wealthy .  http : / / www . mailcomesandgoes . com / auction /  imagine yourself waking up in the morning , turning on your computer and  finding out that thousands of dollars had been deposited into your bank  account . how would that make you feel ? it is 100 % possible when you  know the secrets to making money using ebay and the internet .  if this idea turns you on , then so will this new ebook ! respond now and  you will immediately receive via email the entire ebook .  http : / / www . mailcomesandgoes . com / auction /  free bonus - respond right now and we ? ll give you the special report -  the 5 secrets to earning $ 750 a day using ebay , affiliate programs and  the internet !  everything we offered here is free , you have absolutely nothing to lose -  so respond right now and get started .  sincerely ,  mark w . monday  the ebay millionaire  http : / / www . mailcomesandgoes . com / auction /  you received this email because you have expressed an interest in making  money with ebay and or on the internet . you will not receive any more emails from us .  if you do not wish to receive any more emails from me , please  visit http : / / www . deal 2002 . com / removeme . html and you will be  removed . ",1,True
"Subject: discontinue making p a y m e n t s immediately  harassing calls and letters brought to a stand still .  we have pioneered an advanced system of proven strategies  that will get the creditors and debt collectors off your back for good  our debt termination program has legally stopped millions of dollars worth  of debt from being collected .  check out our elimination program here  http : / / axew . jeet . newsbenefitnow . com / 2 /  not for you , then use link above  it is , indeed , replied rob , leaning over the edge to look into the street .  as he spoke he felt himself gently but firmly pushed from behind and , losing  his balance , he plunged headforemost from the roof and whirled through the  intervening space toward the sidewalk far below  terrified though he was by the sudden disaster , the boy had still wit  enough remaining to reach out his right hand and move the indicator of the  machine upon his left wrist to the zero mark",0,True
